{
    "loss": -0.7180851063829787,
    "space": [
        0.1,
        0.30000000000000004,
        0.99
    ],
    "status": "ok"
}