{
    "loss": -0.7207446808510638,
    "space": [
        0.001,
        0.6000000000000001,
        0.85
    ],
    "status": "ok"
}