{
    "loss": -0.7393617021276596,
    "space": [
        0.001,
        0.7000000000000001,
        0.9
    ],
    "status": "ok"
}