{
    "loss": -0.7367021276595744,
    "space": [
        0.07,
        0.30000000000000004,
        0.99
    ],
    "status": "ok"
}