{
    "loss": -0.776595744680851,
    "space": [
        0.005,
        0.30000000000000004,
        0.85
    ],
    "status": "ok"
}