{
    "loss": -0.7712765957446809,
    "space": [
        0.05,
        0.30000000000000004,
        0.99
    ],
    "status": "ok"
}