{
    "loss": -0.8138297872340425,
    "space": [
        0.005,
        0.6000000000000001,
        0.9
    ],
    "status": "ok"
}