{
    "loss": -0.8271276595744681,
    "space": [
        0.01,
        0.30000000000000004,
        0.95
    ],
    "status": "ok"
}