{
    "loss": -0.8297872340425532,
    "space": [
        0.05,
        0.6000000000000001,
        0.95
    ],
    "status": "ok"
}