{
    "loss": -0.8377659574468085,
    "space": [
        0.1,
        0.7000000000000001,
        0.95
    ],
    "status": "ok"
}