{
    "loss": -0.8430851063829787,
    "space": [
        0.07,
        0.7000000000000001,
        0.9
    ],
    "status": "ok"
}