{
    "loss": -0.8404255319148937,
    "space": [
        0.1,
        0.6000000000000001,
        0.95
    ],
    "status": "ok"
}