{
    "loss": -0.7101063829787234,
    "space": [
        0.001,
        0.30000000000000004,
        0.85
    ],
    "status": "ok"
}