{
    "loss": -0.7287234042553191,
    "space": [
        0.001,
        0.30000000000000004,
        0.9
    ],
    "status": "ok"
}