{
    "loss": -0.723404255319149,
    "space": [
        0.001,
        0.6000000000000001,
        0.85
    ],
    "status": "ok"
}