{
    "loss": -0.7819148936170213,
    "space": [
        0.005,
        0.30000000000000004,
        0.85
    ],
    "status": "ok"
}