{
    "loss": -0.7952127659574468,
    "space": [
        0.005,
        0.30000000000000004,
        0.9
    ],
    "status": "ok"
}