{
    "loss": -0.8111702127659575,
    "space": [
        0.001,
        0.30000000000000004,
        0.99
    ],
    "status": "ok"
}