{
    "loss": -0.8164893617021277,
    "space": [
        0.07,
        0.7000000000000001,
        0.99
    ],
    "status": "ok"
}