{
    "loss": -0.8297872340425532,
    "space": [
        0.09,
        0.7000000000000001,
        0.85
    ],
    "status": "ok"
}