{
    "loss": -0.8324468085106383,
    "space": [
        0.02,
        0.6000000000000001,
        0.99
    ],
    "status": "ok"
}