{
    "loss": -0.05053191489361702,
    "space": [
        0.001,
        0.30000000000000004,
        0.85
    ],
    "status": "ok"
}