{
    "loss": -0.17819148936170212,
    "space": [
        0.06,
        0.7000000000000001,
        0.9
    ],
    "status": "ok"
}