{
    "loss": -0.18882978723404256,
    "space": [
        0.02,
        0.7000000000000001,
        0.95
    ],
    "status": "ok"
}