{
    "loss": -0.19148936170212766,
    "space": [
        0.02,
        0.7000000000000001,
        0.9
    ],
    "status": "ok"
}