{
    "loss": -0.21010638297872342,
    "space": [
        0.07,
        0.30000000000000004,
        0.95
    ],
    "status": "ok"
}