{
    "loss": -0.22872340425531915,
    "space": [
        0.09,
        0.7000000000000001,
        0.95
    ],
    "status": "ok"
}