{
    "loss": -0.24468085106382978,
    "space": [
        0.1,
        0.30000000000000004,
        0.99
    ],
    "status": "ok"
}