{
    "loss": -0.2898936170212766,
    "space": [
        0.09,
        0.30000000000000004,
        0.99
    ],
    "status": "ok"
}