{
    "loss": -0.2845744680851064,
    "space": [
        0.08,
        0.7000000000000001,
        0.99
    ],
    "status": "ok"
}