{
    "loss": -0.4734042553191489,
    "space": [
        0.07,
        0.30000000000000004,
        0.9
    ],
    "status": "ok"
}