{
    "loss": -0.5452127659574468,
    "space": [
        0.07,
        0.30000000000000004,
        0.9
    ],
    "status": "ok"
}