{
    "loss": -0.23670212765957446,
    "space": [
        0.09,
        0.41000000000000003
    ],
    "status": "ok"
}