{
    "loss": -0.8218085106382979,
    "space": [
        0.005,
        0.35000000000000003
    ],
    "status": "ok"
}