{
    "loss": -0.8271276595744681,
    "space": [
        0.07,
        0.47000000000000003
    ],
    "status": "ok"
}