{
    "loss": -0.8404255319148937,
    "space": [
        0.02,
        0.41000000000000003
    ],
    "status": "ok"
}